<colors>
			<!-- Backgrounds -->
	<color name="solid-background">FFFFFFFF</color>
	<color name="osd-background">A0FFFFFF</color>
	<color name="mask-background">C8FFFFFF</color>
	<color name="fanart-background">FF505050</color>
	<color name="dialog-background">FFFFFFFF</color>

			<!-- Text -->
	<color name="info-text">FF64CB9B</color>
	<color name="disabled-text">FF7A7A7A</color>
	<color name="button-text">FFFFFFFF</color>
	<color name="shutdown-text">FFFFFFFF</color>
	<color name="shadow-text">FF000000</color>
	<color name="warning-text">FFAA0000</color>
	<color name="rss-headline-text">FFFFFFFF</color>
	<color name="rss-title-text">FF64CB9B</color>
	<color name="listselectedtext">FF64CB9B</color>
	<color name="kai-text-alpha">55FFFFFF</color>
	<color name="kai-text">FFFF0000</color>
	<color name="listselectedcolor">FF64CB9B</color>

			<!-- Media Flags -->
	<color name="FlagDiffuse">FFFFFFFF</color>
	<color name="StarDiffuse">D0F6E802</color>
	<color name="InfoRating">FFFFFFFF</color>
	<color name="StudioDiffuse">FFFFFFFF</color>
	<color name="StudioShadow">FF000000</color>

			<!-- Icon/Thumb -->
	<color name="UnFocusedPosters">A0A0A0A0</color>
	<color name="UnFocusedCovers">A0A0A0A0</color>
	<color name="IconGlow">A0FFFFFF</color>
	
			<!-- GUI elements -->
	<color name="ScrollBarColor">FF64CB9B</color>
	<color name="ProgressBarColor">FF64CB9B</color>

</colors>