<colors>
			<!-- Backgrounds -->
	<color name="solid-background">FFFFFFFF</color>	
	<color name="osd-background">A0FFFFFF</color>
	<color name="fanart-background">FF505050</color>
	<color name="musicvis-background">D1FFFFFF</color>
	
			<!-- Text -->
	<color name="info-text">FFF9EB05</color>		
	<color name="disabled-text">FF7A7A7A</color>
	<color name="button-text">FFFFFFFF</color>
	<color name="shadow-text">FF000000</color>	
	<color name="shutdown-text">FFFFFFFF</color>
	<color name="warning-text">FFAA0000</color>
	<color name="focus-text">FFF9EB05</color>	
	<color name="rss-headline-text">FFFFFFFF</color>
	<color name="rss-title-text">FF0066CC</color>
	<color name="listselectedtext">FFF9EB05</color> 
	<color name="kai-text-alpha">55FFFFFF</color>
	<color name="kai-text">FFFF0000</color>
	<color name="listselectedcolor">FFF9EB05</color> 
	
			<!-- Media Flags -->
	<color name="FlagDiffuse">FFFFFFFF</color>
	<color name="StarDiffuse">D0F6E802</color>
	<color name="InfoRating">FFFFFFFF</color>
	
			<!-- Icon/Thumb -->
	<color name="UnFocusedPosters">A0A0A0A0</color>
	<color name="UnFocusedCovers">A0A0A0A0</color>
	
			<!-- GUI elements -->
	<color name="ScrollBarColor">FFF9EB05</color> 
	<color name="ProgressBarColor">FFF9EB05</color> 
	
</colors>